--liquibase formatted sql

--changeset pixels:pixels-furniture-seed-development-0026-rebuild-wired-labs context:development
-- Replace the mixed manifest display with six executable, isolated WIRED laboratories.
delete from furniture_items where room_id between 110 and 115;

insert into furniture_items(id,definition_id,owner_player_id,room_id,x,y,z,rotation,extra_data)
overriding system value
values
    -- Room 110: actor conditions and their prerequisites.
    (420000,3683,1,110,4,1,0,0,'0'),(420001,3681,1,110,4,1,0.65,0,'0'),
    (420010,3675,1,110,5,1,0,0,'0'),(420011,5094,1,110,5,1,0.65,0,'0'),(420012,3681,1,110,5,1,1.30,0,'0'),
    (420020,3675,1,110,6,1,0,0,'0'),(420021,5446,1,110,6,1,0.65,0,'0'),(420022,3681,1,110,6,1,1.30,0,'0'),
    (420030,3675,1,110,7,1,0,0,'0'),(420031,4281,1,110,7,1,0.65,0,'0'),(420032,3681,1,110,7,1,1.30,0,'0'),
    (420040,3675,1,110,8,1,0,0,'0'),(420041,5448,1,110,8,1,0.65,0,'0'),(420042,3681,1,110,8,1,1.30,0,'0'),
    (420050,3675,1,110,9,1,0,0,'0'),(420051,900004,1,110,9,1,0.65,0,'0'),
    (420060,3675,1,110,10,1,0,0,'0'),(420061,5095,1,110,10,1,0.65,0,'0'),(420062,3681,1,110,10,1,1.30,0,'0'),
    (420070,3675,1,110,11,1,0,0,'0'),(420071,5444,1,110,11,1,0.65,0,'0'),(420072,3681,1,110,11,1,1.30,0,'0'),
    (420080,3675,1,110,4,3,0,0,'0'),(420081,900003,1,110,4,3,0.65,0,'0'),
    (420090,3675,1,110,5,3,0,0,'0'),(420091,7854,1,110,5,3,0.65,0,'0'),(420092,3681,1,110,5,3,1.30,0,'0'),
    (420100,3675,1,110,6,3,0,0,'0'),(420101,5445,1,110,6,3,0.65,0,'0'),(420102,3681,1,110,6,3,1.30,0,'0'),
    (420110,3675,1,110,7,3,0,0,'0'),(420111,5443,1,110,7,3,0.65,0,'0'),(420112,3681,1,110,7,3,1.30,0,'0'),
    (420120,3675,1,110,8,3,0,0,'0'),(420121,5861,1,110,8,3,0.65,0,'0'),(420122,3681,1,110,8,3,1.30,0,'0'),
    (420130,3675,1,110,9,3,0,0,'0'),(420131,5094,1,110,9,3,0.65,0,'0'),(420132,4281,1,110,9,3,1.30,0,'0'),
    (420133,900007,1,110,9,3,1.95,0,'0'),(420134,3681,1,110,9,3,2.60,0,'0'),

    -- Room 111: furniture, occupancy, snapshot, time and selector fixtures.
    (421000,3675,1,111,4,1,0,0,'0'),(421001,3692,1,111,4,1,0.65,0,'0'),(421002,3681,1,111,4,1,1.30,0,'0'),
    (421010,3675,1,111,5,1,0,0,'0'),(421011,5441,1,111,5,1,0.65,0,'0'),(421012,3681,1,111,5,1,1.30,0,'0'),
    (421020,3703,1,111,6,1,0,0,'0'),(421021,3694,1,111,6,1,0.65,0,'0'),(421022,3681,1,111,6,1,1.30,0,'0'),
    (421030,3675,1,111,7,1,0,0,'0'),(421031,5438,1,111,7,1,0.65,0,'0'),(421032,3681,1,111,7,1,1.30,0,'0'),
    (421040,3675,1,111,8,1,0,0,'0'),(421041,3857,1,111,8,1,0.65,0,'0'),(421042,3681,1,111,8,1,1.30,0,'0'),
    (421050,3675,1,111,9,1,0,0,'0'),(421051,5440,1,111,9,1,0.65,0,'0'),(421052,3681,1,111,9,1,1.30,0,'0'),
    (421060,3668,1,111,10,1,0,0,'0'),(421061,5447,1,111,10,1,0.65,0,'0'),(421062,3681,1,111,10,1,1.30,0,'0'),
    (421070,3668,1,111,11,1,0,0,'0'),(421071,5449,1,111,11,1,0.65,0,'0'),(421072,3681,1,111,11,1,1.30,0,'0'),
    (421080,3675,1,111,4,3,0,0,'0'),(421081,3695,1,111,4,3,0.65,0,'0'),(421082,3681,1,111,4,3,1.30,0,'0'),
    (421090,3675,1,111,5,3,0,0,'0'),(421091,5452,1,111,5,3,0.65,0,'0'),(421092,3681,1,111,5,3,1.30,0,'0'),
    (421100,3675,1,111,6,3,0,0,'0'),(421101,3682,1,111,6,3,0.65,0,'0'),(421102,3681,1,111,6,3,1.30,0,'0'),
    (421110,3675,1,111,7,3,0,0,'0'),(421111,3665,1,111,7,3,0.65,0,'0'),(421112,3681,1,111,7,3,1.30,0,'0'),
    (421120,3671,1,111,8,3,0,0,'0'),(421121,3669,1,111,8,3,0.65,0,'0'),
    (421122,3681,1,111,8,3,1.30,0,'0'),(421123,3681,1,111,8,3,1.95,0,'0'),
    (421130,3671,1,111,9,3,0,0,'0'),(421131,3670,1,111,9,3,0.65,0,'0'),
    (421132,3681,1,111,9,3,1.30,0,'0'),(421133,3681,1,111,9,3,1.95,0,'0'),
    (421140,3679,1,111,10,3,0,0,'0'),(421141,3681,1,111,10,3,0.65,0,'0'),
    (421150,5442,1,111,11,3,0,0,'0'),(421151,3681,1,111,11,3,0.65,0,'0'),
    (421160,5042,1,111,4,5,0,0,'0'),(421161,3681,1,111,4,5,0.65,0,'0'),
    (421170,3675,1,111,5,5,0,0,'0'),(421171,3691,1,111,5,5,0.65,0,'0'),(421172,3681,1,111,5,5,1.30,0,'0'),
    (421180,3675,1,111,6,5,0,0,'0'),(421181,4834,1,111,6,5,0.65,0,'0'),
    (421190,3675,1,111,7,5,0,0,'0'),(421191,3681,1,111,7,5,0.65,0,'0'),
    (421200,3678,1,111,8,5,0,0,'0'),(421201,3681,1,111,8,5,0.65,0,'0'),
    (429100,28,1,111,4,12,0,0,'0'),(429101,28,1,111,5,12,0,0,'0'),
    (429102,26,1,111,5,12,0.20,0,'0'),(429103,28,1,111,6,12,0,0,'0'),
    (429104,29,1,111,7,12,0,0,'0'),(429105,29,1,111,8,12,0,0,'0'),
    (429106,29,1,111,9,12,0,0,'0'),

    -- Room 112: movement and physical room events.
    (422000,3683,1,112,4,1,0,0,'0'),(422001,3681,1,112,4,1,0.65,0,'0'),
    (422010,3703,1,112,5,1,0,0,'0'),(422011,3681,1,112,5,1,0.65,0,'0'),
    (422020,3678,1,112,6,1,0,0,'0'),(422021,3681,1,112,6,1,0.65,0,'0'),
    (422030,5050,1,112,7,1,0,0,'0'),(422031,3681,1,112,7,1,0.65,0,'0'),
    (422040,3675,1,112,8,1,0,0,'0'),(422041,3663,1,112,8,1,0.65,0,'0'),
    (422050,3675,1,112,9,1,0,0,'0'),(422051,5055,1,112,9,1,0.65,0,'0'),
    (422060,3675,1,112,10,1,0,0,'0'),(422061,5061,1,112,10,1,0.65,0,'0'),
    (422070,3675,1,112,11,1,0,0,'0'),(422071,3700,1,112,11,1,0.65,0,'0'),
    (422080,3675,1,112,4,3,0,0,'0'),(422081,5450,1,112,4,3,0.65,0,'0'),
    (422090,3675,1,112,5,3,0,0,'0'),(422091,5048,1,112,5,3,0.65,0,'0'),
    (422100,3675,1,112,6,3,0,0,'0'),(422101,3674,1,112,6,3,0.65,0,'0'),
    (422110,3675,1,112,7,3,0,0,'0'),(422111,5451,1,112,7,3,0.65,0,'0'),
    (422120,3675,1,112,8,3,0,0,'0'),(422121,3685,1,112,8,3,0.65,0,'0'),
    (422130,3675,1,112,9,3,0,0,'0'),(422131,900008,1,112,9,3,0.65,0,'0'),
    (422132,3663,1,112,9,3,1.30,0,'0'),(422133,3681,1,112,9,3,1.95,0,'0'),
    (422140,3668,1,112,10,3,0,0,'0'),(422141,3681,1,112,10,3,0.65,0,'0'),
    (429200,28,1,112,4,12,0,0,'0'),(429201,27,1,112,7,10,0,0,'0'),
    (429202,30100,1,112,10,10,0,0,'0'),

    -- Room 113: game lifecycle, teams, outcomes, blobs and scoreboards.
    (423000,3702,1,113,4,1,0,0,'0'),(423001,3681,1,113,4,1,0.65,0,'0'),
    (423010,3680,1,113,5,1,0,0,'0'),(423011,3681,1,113,5,1,0.65,0,'0'),
    (423020,3675,1,113,6,1,0,0,'0'),(423021,5062,1,113,6,1,0.65,0,'0'),
    (423030,3675,1,113,7,1,0,0,'0'),(423031,5062,1,113,7,1,0.65,0,'0'),
    (423040,3675,1,113,8,1,0,0,'0'),(423041,5062,1,113,8,1,0.65,0,'0'),
    (423050,3675,1,113,9,1,0,0,'0'),(423051,5062,1,113,9,1,0.65,0,'0'),
    (423060,3675,1,113,10,1,0,0,'0'),(423061,5049,1,113,10,1,0.65,0,'0'),
    (423070,3675,1,113,11,1,0,0,'0'),(423071,3697,1,113,11,1,0.65,0,'0'),
    (423080,3675,1,113,4,3,0,0,'0'),(423081,5043,1,113,4,3,0.65,0,'0'),
    (423090,3673,1,113,5,3,0,0,'0'),(423091,3681,1,113,5,3,0.65,0,'0'),
    (423100,900005,1,113,6,3,0,0,'0'),(423101,3681,1,113,6,3,0.65,0,'0'),
    (423110,900006,1,113,7,3,0,0,'0'),(423111,3681,1,113,7,3,0.65,0,'0'),
    (423120,3675,1,113,8,3,0,0,'0'),(423121,5056,1,113,8,3,0.65,0,'0'),(423122,3681,1,113,8,3,1.30,0,'0'),
    (423130,3675,1,113,9,3,0,0,'0'),(423131,5439,1,113,9,3,0.65,0,'0'),(423132,3681,1,113,9,3,1.30,0,'0'),
    (423200,5067,1,113,4,8,0,0,'1'),(423201,5068,1,113,5,8,0,0,'1'),
    (423202,5939,1,113,6,8,0,0,'1'),(423203,5940,1,113,7,8,0,0,'1'),
    (423210,5044,1,113,4,10,0,0,'{"state":"0","score_type":2,"clear_type":0,"entries":[]}'),
    (423211,5051,1,113,5,10,0,0,'{"state":"0","score_type":0,"clear_type":0,"entries":[]}'),
    (423212,5057,1,113,6,10,0,0,'{"state":"0","score_type":1,"clear_type":0,"entries":[]}'),
    (423213,5045,1,113,7,10,0,0,'{"state":"0","score_type":2,"clear_type":1,"entries":[]}'),
    (423214,5046,1,113,8,10,0,0,'{"state":"0","score_type":2,"clear_type":2,"entries":[]}'),
    (423215,5047,1,113,9,10,0,0,'{"state":"0","score_type":2,"clear_type":3,"entries":[]}'),
    (423216,5052,1,113,10,10,0,0,'{"state":"0","score_type":0,"clear_type":1,"entries":[]}'),
    (423217,5053,1,113,11,10,0,0,'{"state":"0","score_type":0,"clear_type":2,"entries":[]}'),
    (423218,5054,1,113,4,12,0,0,'{"state":"0","score_type":0,"clear_type":3,"entries":[]}'),
    (423219,5058,1,113,5,12,0,0,'{"state":"0","score_type":1,"clear_type":1,"entries":[]}'),
    (423220,5059,1,113,6,12,0,0,'{"state":"0","score_type":1,"clear_type":2,"entries":[]}'),
    (423221,5060,1,113,7,12,0,0,'{"state":"0","score_type":1,"clear_type":3,"entries":[]}'),

    -- Room 114: every bot effect and both arrival triggers.
    (424000,3683,1,114,4,1,0,0,'0'),(424001,7857,1,114,4,1,0.65,0,'0'),
    (424010,3675,1,114,5,1,0,0,'0'),(424011,7853,1,114,5,1,0.65,0,'0'),
    (424020,3675,1,114,6,1,0,0,'0'),(424021,7849,1,114,6,1,0.65,0,'0'),
    (424030,3675,1,114,7,1,0,0,'0'),(424031,7851,1,114,7,1,0.65,0,'0'),
    (424040,3675,1,114,8,1,0,0,'0'),(424041,7848,1,114,8,1,0.65,0,'0'),
    (424050,3675,1,114,9,1,0,0,'0'),(424051,7852,1,114,9,1,0.65,0,'0'),
    (424060,3675,1,114,10,1,0,0,'0'),(424061,7855,1,114,10,1,0.65,0,'0'),
    (424070,7850,1,114,4,3,0,0,'0'),(424071,3681,1,114,4,3,0.65,0,'0'),
    (424080,7856,1,114,5,3,0,0,'0'),(424081,3681,1,114,5,3,0.65,0,'0'),
    (429400,28,1,114,10,10,0,0,'0'),

    -- Room 115: rewards, compatibility effects, delays and moderation.
    (425000,3683,1,115,4,1,0,0,'0'),(425001,4505,1,115,4,1,0.65,0,'0'),
    (425010,3675,1,115,5,1,0,0,'0'),(425011,900001,1,115,5,1,0.65,0,'0'),
    (425020,3675,1,115,6,1,0,0,'0'),(425021,900002,1,115,6,1,0.65,0,'0'),
    (425030,3675,1,115,7,1,0,0,'0'),(425031,900003,1,115,7,1,0.65,0,'0'),
    (425040,3675,1,115,8,1,0,0,'0'),(425041,900004,1,115,8,1,0.65,0,'0'),
    (425050,3675,1,115,9,1,0,0,'0'),(425051,5854,1,115,9,1,0.65,0,'0'),
    (425060,3675,1,115,10,1,0,0,'0'),(425061,4947,1,115,10,1,0.65,0,'0'),
    (425070,3675,1,115,11,1,0,0,'0'),(425071,3681,1,115,11,1,0.65,0,'0')
on conflict(id) do update set definition_id=excluded.definition_id,owner_player_id=excluded.owner_player_id,
    room_id=excluded.room_id,x=excluded.x,y=excluded.y,z=excluded.z,rotation=excluded.rotation,extra_data=excluded.extra_data;

insert into room_wired_settings(item_id,int_params,string_param,selection_mode,delay_pulses)
values
    (420000,'[]','',0,0),(420001,'[]','Actor lab ready. Commands: badge, nobadge, group, nogroup, effecton, haseffect, noeffect, handon, hashand, countone, notcount, date, orcheck.',0,0),
    (420010,'[]','badge',0,0),(420011,'[]','ACH_WIREDQA1',0,0),(420012,'[]','PASS badge equipped.',0,0),
    (420020,'[]','nobadge',0,0),(420021,'[]','ACH_WIREDQA1',0,0),(420022,'[]','PASS badge not equipped.',0,0),
    (420030,'[]','group',0,0),(420031,'[]','',0,0),(420032,'[]','PASS room social-group member.',0,0),
    (420040,'[]','nogroup',0,0),(420041,'[]','',0,0),(420042,'[]','PASS not a room social-group member.',0,0),
    (420050,'[]','effecton',0,0),(420051,'[]','4',0,0),
    (420060,'[]','haseffect',0,0),(420061,'[4]','',0,0),(420062,'[]','PASS wearing effect 4.',0,0),
    (420070,'[]','noeffect',0,0),(420071,'[4]','',0,0),(420072,'[]','PASS not wearing effect 4.',0,0),
    (420080,'[]','handon',0,0),(420081,'[]','1',0,0),
    (420090,'[]','hashand',0,0),(420091,'[1]','',0,0),(420092,'[]','PASS holding hand item 1.',0,0),
    (420100,'[]','countone',0,0),(420101,'[1,1]','',0,0),(420102,'[]','PASS exactly one player.',0,0),
    (420110,'[]','notcount',0,0),(420111,'[1,1]','',0,0),(420112,'[]','PASS player count is not one.',0,0),
    (420120,'[]','date',0,0),(420121,'[0,2147483647]','',0,0),(420122,'[]','PASS active date range.',0,0),
    (420130,'[]','orcheck',0,0),(420131,'[]','ACH_WIREDQA1',0,0),(420132,'[]','',0,0),(420133,'[]','',0,0),(420134,'[]','PASS badge OR group.',0,0),

    (421000,'[]','occupied',0,0),(421001,'[]','',1,0),(421002,'[]','PASS selected tile has a unit.',0,0),
    (421010,'[]','empty',0,0),(421011,'[]','',1,0),(421012,'[]','PASS selected tile has no unit.',0,0),
    (421020,'[]','',1,0),(421021,'[]','',1,0),(421022,'[]','PASS actor walked onto selected tile.',0,0),
    (421030,'[]','offplate',0,0),(421031,'[]','',1,0),(421032,'[]','PASS actor is not on selected tile.',0,0),
    (421040,'[]','stacked',0,0),(421041,'[0]','',1,0),(421042,'[]','PASS furniture is stacked on selected base.',0,0),
    (421050,'[]','unstacked',0,0),(421051,'[0]','',1,0),(421052,'[]','PASS selected base has no furniture on it.',0,0),
    (421060,'[]','',1,0),(421061,'[]','',1,0),(421062,'[]','PASS changed furniture matches selection.',0,0),
    (421070,'[]','',1,0),(421071,'[]','',1,0),(421072,'[]','PASS changed furniture does not match other selection.',0,0),
    (421080,'[]','snapshotok',0,0),(421081,'[1,1,1]','',1,0),(421082,'[]','PASS state, position and rotation match snapshot.',0,0),
    (421090,'[]','snapshotchanged',0,0),(421091,'[1,1,1]','',1,0),(421092,'[]','PASS snapshot no longer matches.',0,0),
    (421100,'[]','early',0,0),(421101,'[20]','',0,0),(421102,'[]','PASS elapsed time is below 10 seconds.',0,0),
    (421110,'[]','late',0,0),(421111,'[4]','',0,0),(421112,'[]','PASS elapsed time is above 2 seconds.',0,0),
    (421120,'[2]','',0,0),(421121,'[]','',0,0),(421122,'[]','Random branch A.',0,0),(421123,'[]','Random branch B.',0,0),
    (421130,'[2]','',0,0),(421131,'[]','',0,0),(421132,'[]','Unseen branch A.',0,0),(421133,'[]','Unseen branch B.',0,0),
    (421140,'[4]','',0,0),(421141,'[]','At-time fired after 2 seconds.',0,0),
    (421150,'[2]','',0,0),(421151,'[]','Long at-time fired after 10 seconds.',0,0),
    (421160,'[1]','',0,0),(421161,'[]','Long period fired every 5 seconds.',0,0),
    (421170,'[]','reset',0,0),(421171,'[]','',0,0),(421172,'[]','PASS timers reset.',0,0),
    (421180,'[]','callstacks',0,0),(421181,'[]','',1,0),
    (421190,'[]','calltarget',0,0),(421191,'[]','PASS called stack executed.',0,0),
    (421200,'[]','',1,0),(421201,'[]','PASS walk-off fired.',0,0),

    (422000,'[]','',0,0),(422001,'[]','Movement lab ready. Walk over the pressure plate and use rotate, chase, flee, snapshot, moveto, direction, teleport, randomstate, togglestate and validmove.',0,0),
    (422010,'[]','',1,0),(422011,'[]','PASS walk-on fired.',0,0),(422020,'[]','',1,0),(422021,'[]','PASS walk-off fired.',0,0),
    (422030,'[]','',0,0),(422031,'[]','PASS collision fired.',0,0),
    (422040,'[]','rotate',0,0),(422041,'[0]','',1,0),(422050,'[]','chase',0,0),(422051,'[0]','',1,0),
    (422060,'[]','flee',0,0),(422061,'[0]','',1,0),(422070,'[]','snapshot',0,0),(422071,'[1,1,1]','',1,0),
    (422080,'[]','moveto',0,0),(422081,'[2]','',1,0),(422090,'[]','direction',0,0),(422091,'[4]','',1,0),
    (422100,'[]','teleport',0,0),(422101,'[]','',1,0),(422110,'[]','randomstate',0,0),(422111,'[]','',1,0),
    (422120,'[]','togglestate',0,0),(422121,'[]','',1,0),(422130,'[]','validmove',0,0),(422131,'[]','',0,0),
    (422132,'[2]','',1,0),(422133,'[]','PASS valid move simulated and applied.',0,0),
    (422140,'[]','',1,0),(422141,'[]','PASS selected furniture state changed.',0,0),

    (423000,'[]','',0,0),(423001,'[]','PASS game started.',0,0),(423010,'[]','',0,0),(423011,'[]','PASS game ended.',0,0),
    (423020,'[]','red',0,0),(423021,'[1]','',0,0),(423030,'[]','green',0,0),(423031,'[2]','',0,0),
    (423040,'[]','blue',0,0),(423041,'[3]','',0,0),(423050,'[]','yellow',0,0),(423051,'[4]','',0,0),
    (423060,'[]','leave',0,0),(423061,'[]','',0,0),(423070,'[]','score',0,0),(423071,'[1,10]','',0,0),
    (423080,'[]','teamscore',0,0),(423081,'[1,1]','',0,0),(423090,'[10]','',0,0),(423091,'[]','PASS score crossed 10.',0,0),
    (423100,'[]','',0,0),(423101,'[]','PASS your team won.',0,0),(423110,'[]','',0,0),(423111,'[]','PASS your team lost.',0,0),
    (423120,'[]','teamcheck',0,0),(423121,'[1]','',0,0),(423122,'[]','PASS actor is in red team.',0,0),
    (423130,'[]','noteamcheck',0,0),(423131,'[1]','',0,0),(423132,'[]','PASS actor is not in red team.',0,0),

    (424000,'[]','',0,0),(424001,'[]',E'WiredGuide\tBot lab ready. Commands: movebot, teleportbot, followbot, clothesbot, botitem and botwhisper.',0,0),
    (424010,'[]','movebot',0,0),(424011,'[]','WiredRunner',1,0),(424020,'[]','teleportbot',0,0),(424021,'[]','WiredRunner',1,0),
    (424030,'[]','followbot',0,0),(424031,'[]','WiredRunner',0,0),(424040,'[]','clothesbot',0,0),
    (424041,'[]',E'WiredGuide\thd-180-1.ch-210-66.lg-270-82.sh-290-80',0,0),
    (424050,'[]','botitem',0,0),(424051,'[1]','WiredGuide',0,0),(424060,'[]','botwhisper',0,0),
    (424061,'[]',E'WiredGuide\tPASS private WIRED bot message.',0,0),
    (424070,'[]','WiredRunner',1,0),(424071,'[]','PASS bot reached selected furniture.',0,0),
    (424080,'[]','WiredRunner',0,0),(424081,'[]','PASS bot reached avatar.',0,0),

    (425000,'[]','',0,0),(425001,'[0,0,0,1]','1,credits#10,10;0,WIRED_QA,2;1,furni#2,2;1,respect#1,1',0,0),
    (425010,'[]','alertme',0,0),(425011,'[]','PASS alert for %username%; online=%online%; rooms=%roomsloaded%.',0,0),
    (425020,'[]','respectme',0,0),(425021,'[]','1',0,0),(425030,'[]','handme',0,0),(425031,'[]','1',0,0),
    (425040,'[]','effectme',0,0),(425041,'[]','4',0,0),(425050,'[]','muteme',0,0),(425051,'[1]','',0,0),
    (425060,'[]','kickme',0,0),(425061,'[]','',0,0),(425070,'[]','delayme',0,0),(425071,'[]','PASS delayed effect fired after 2 seconds.',0,4)
on conflict(item_id) do update set int_params=excluded.int_params,string_param=excluded.string_param,
    selection_mode=excluded.selection_mode,delay_pulses=excluded.delay_pulses,updated_at=now();

insert into room_wired_selected_items(wired_item_id,selected_item_id,ordinal,snapshot_state,snapshot_x,snapshot_y,snapshot_z,snapshot_rotation)
values
    (421001,429100,0,null,null,null,null,null),(421011,429100,0,null,null,null,null,null),
    (421020,429100,0,null,null,null,null,null),(421021,429100,0,null,null,null,null,null),
    (421031,429100,0,null,null,null,null,null),(421041,429101,0,null,null,null,null,null),
    (421051,429103,0,null,null,null,null,null),(421060,429104,0,null,null,null,null,null),
    (421061,429104,0,null,null,null,null,null),(421070,429104,0,null,null,null,null,null),
    (421071,429105,0,null,null,null,null,null),(421081,429106,0,'0',9,12,0,0),
    (421091,429106,0,'0',9,12,0,0),(421181,421191,0,null,null,null,null,null),
    (421200,429100,0,null,null,null,null,null),
    (422010,429200,0,null,null,null,null,null),(422020,429200,0,null,null,null,null,null),
    (422041,429201,0,null,null,null,null,null),(422051,429201,0,null,null,null,null,null),
    (422061,429201,0,null,null,null,null,null),(422071,429201,0,'0',7,10,0,0),
    (422081,429201,0,null,null,null,null,null),(422091,429201,0,null,null,null,null,null),
    (422101,429202,0,null,null,null,null,null),(422111,429201,0,null,null,null,null,null),
    (422121,429201,0,null,null,null,null,null),(422132,429201,0,null,null,null,null,null),
    (422140,429201,0,null,null,null,null,null),
    (424011,429400,0,null,null,null,null,null),(424021,429400,0,null,null,null,null,null),
    (424070,429400,0,null,null,null,null,null)
on conflict(wired_item_id,selected_item_id) do update set ordinal=excluded.ordinal,snapshot_state=excluded.snapshot_state,
    snapshot_x=excluded.snapshot_x,snapshot_y=excluded.snapshot_y,snapshot_z=excluded.snapshot_z,snapshot_rotation=excluded.snapshot_rotation;

insert into room_wired_rewards(wired_item_id,ordinal,kind,reference,amount,weight,stock)
values
    (425001,0,'credits','credits',10,10,null),(425001,1,'badge','WIRED_QA',1,2,null),
    (425001,2,'furniture','2',1,2,10),(425001,3,'respect','respect',1,1,null)
on conflict(wired_item_id,ordinal) do update set kind=excluded.kind,reference=excluded.reference,
    amount=excluded.amount,weight=excluded.weight,stock=excluded.stock;

select setval(pg_get_serial_sequence('furniture_items','id'),greatest((select max(id) from furniture_items),1));

--rollback delete from furniture_items where id between 420000 and 429999;
